cliente_id,fecha,agencia,edad,segmento,ingreso,saldo,producto
1,2025-11-01,Quetzaltenango,25,Premium,3819.00,24522.72,3503.06
2,2025-11-01,Zona 10,65,Joven,20870.00,35735.08,6087.75
3,2025-04-01,Petén,50,Adulto,22726.00,32879.64,5221.01
4,2025-08-01,Quetzaltenango,55,Premium,12115.00,25499.88,4787.35
5,2025-06-01,Zona 10,35,Joven,8094.00,29405.95,8315.87
6,2025-02-01,Cobán,40,Premium,14270.00,7691.39,2799.1
7,2025-07-01,Escuintla,23,Premium,21089.00,20473.67,7712.11
8,2025-12-01,Zona 10,22,Joven,4501.00,14064.80,2077.12
9,2025-07-01,Escuintla,35,Adulto,17857.00,17476.17,3565.26
10,2025-11-01,Petén,35,Premium,25997.00,40986.22,3879.76
11,2025-09-01,Petén,64,Joven,11021.00,31068.31,6671.63
12,2025-06-01,Escuintla,67,Adulto,28427.00,45925.61,6278.88
13,2025-02-01,Cobán,31,Adulto,21585.00,32439.61,3781.19
14,2025-08-01,Petén,27,Adulto,11679.00,37680.54,7542.64
15,2025-10-01,Quetzaltenango,45,Premium,22121.00,18187.16,5831.52
16,2025-02-01,Quetzaltenango,66,Premium,4543.00,29442.40,4117.53
17,2025-10-01,Petén,22,Adulto,15608.00,0.00,9512.63
18,2025-01-01,Escuintla,61,Premium,26616.00,43759.58,7740.85
19,2025-02-01,Escuintla,36,Premium,17246.00,25527.87,5135.15
20,2025-09-01,Petén,24,Joven,23489.00,19866.34,7723.57
21,2025-06-01,Petén,66,Joven,8293.00,4795.34,4149.38
22,2025-06-01,Escuintla,49,Joven,3638.00,33695.13,6227.8
23,2025-04-01,Zona 10,54,Premium,5580.00,36887.44,6182.71
24,2025-03-01,Petén,60,Premium,18574.00,31811.19,4606.14
25,2025-04-01,Escuintla,52,Adulto,27748.00,23988.57,3670.24
26,2025-11-01,Quetzaltenango,41,Joven,17355.00,35620.84,3707.35
27,2025-06-01,Zona 10,19,Joven,22277.00,9918.77,4114.26
28,2025-11-01,Escuintla,21,Joven,10501.00,27764.01,5207.65
29,2025-04-01,Petén,35,Premium,24921.00,10124.11,5227.85
30,2025-04-01,Zona 10,68,Premium,18498.00,27756.82,3783.98
31,2025-06-01,Zona 10,45,Joven,16470.00,6021.37,5664.91
32,2025-12-01,Quetzaltenango,39,Premium,29233.00,30857.12,3844.93
33,2025-03-01,Zona 10,45,Adulto,9012.00,23376.92,6492.05
34,2025-02-01,Zona 10,21,Joven,24369.00,47819.07,4982.85
35,2025-07-01,Zona 10,49,Joven,18773.00,27743.64,6972.66
36,2025-01-01,Escuintla,42,Adulto,11690.00,43840.89,3437.56
37,2025-12-01,Quetzaltenango,68,Adulto,21211.00,17712.49,3035.44
38,2025-01-01,Zona 10,55,Joven,27108.00,5772.99,4129.94
39,2025-08-01,Zona 10,50,Joven,20403.00,41778.02,9253.1
40,2025-10-01,Petén,22,Joven,25125.00,32886.05,3447.71
41,2025-10-01,Petén,20,Premium,23295.00,40284.48,6442.08
42,2025-05-01,Cobán,31,Joven,24945.00,23131.57,3556.15
43,2025-11-01,Zona 10,37,Joven,17982.00,16907.28,8054.67
44,2025-10-01,Escuintla,54,Joven,6276.00,32444.20,5615.18
45,2025-02-01,Petén,33,Premium,15108.00,22189.95,7096.02
46,2025-10-01,Petén,69,Adulto,24429.00,7477.02,4463.01
47,2025-02-01,Petén,26,Joven,11666.00,29272.95,5631.27
48,2025-05-01,Escuintla,56,Premium,9901.00,23363.60,3678.33
49,2025-05-01,Zona 10,21,Joven,6024.00,10000.93,2190.05
50,2025-03-01,Cobán,58,Premium,11583.00,31834.63,6835.01
51,2025-02-01,Escuintla,22,Premium,25643.00,37408.35,3574.1
52,2025-03-01,Zona 10,45,Adulto,7176.00,36036.95,5494.9
53,2025-11-01,Cobán,33,Premium,24854.00,41678.97,7095.19
54,2025-03-01,Cobán,33,Joven,8324.00,46652.39,4456.43
55,2025-12-01,Quetzaltenango,39,Adulto,28637.00,44595.24,3483.6
56,2025-12-01,Quetzaltenango,24,Joven,15535.00,41481.93,2153.43
57,2025-06-01,Zona 10,37,Premium,29887.00,27424.02,3620.6
58,2025-07-01,Escuintla,39,Adulto,12129.00,45622.18,1069.36
59,2025-09-01,Zona 10,43,Joven,25266.00,39771.29,4707.04
60,2025-03-01,Escuintla,55,Premium,11698.00,40704.02,5641.55
61,2025-07-01,Quetzaltenango,56,Adulto,19758.00,44226.64,7848.28
62,2025-12-01,Quetzaltenango,45,Adulto,3055.00,3420.43,4547.47
63,2025-02-01,Zona 10,60,Premium,13819.00,12334.12,2937.39
64,2025-09-01,Escuintla,37,Premium,24852.00,14785.27,6104.68
65,2025-04-01,Quetzaltenango,44,Premium,24788.00,41796.34,3899.04
66,2025-05-01,Quetzaltenango,43,Adulto,20954.00,30128.65,3527.87
67,2025-10-01,Quetzaltenango,59,Premium,13559.00,12347.10,5471.54
68,2025-12-01,Petén,28,Adulto,24589.00,37443.13,6222.88
69,2025-04-01,Zona 10,61,Joven,13171.00,26268.84,6315.95
70,2025-08-01,Petén,57,Joven,28181.00,36137.80,5914.14
71,2025-12-01,Zona 10,42,Joven,19199.00,19522.66,5666.3
72,2025-04-01,Zona 10,29,Premium,29349.00,38994.24,4369.27
73,2025-02-01,Petén,47,Premium,7369.00,30654.07,2185.26
74,2025-08-01,Petén,57,Adulto,29706.00,22270.51,2672.97
75,2025-12-01,Escuintla,48,Premium,17747.00,24477.98,6504.82
76,2025-11-01,Quetzaltenango,33,Adulto,11998.00,7363.11,6166.55
77,2025-06-01,Quetzaltenango,52,Premium,5640.00,30615.83,6108.15
78,2025-02-01,Zona 10,44,Joven,16356.00,18460.01,6956.95
79,2025-07-01,Petén,67,Adulto,22139.00,27247.89,4867.94
80,2025-01-01,Cobán,40,Premium,12784.00,25513.46,1081.37
81,2025-12-01,Quetzaltenango,52,Adulto,29210.00,18250.09,4146.99
82,2025-08-01,Cobán,19,Premium,15742.00,15679.20,7584.72
83,2025-08-01,Petén,26,Premium,23390.00,0.00,4072.69
84,2025-01-01,Quetzaltenango,23,Joven,24061.00,3286.15,6741.65
85,2025-07-01,Cobán,38,Adulto,9935.00,14548.70,5509.63
86,2025-05-01,Escuintla,23,Joven,18411.00,39831.77,5302.55
87,2025-02-01,Quetzaltenango,67,Joven,24356.00,27917.13,5125.67
88,2025-10-01,Petén,27,Joven,10816.00,37528.59,7120.39
89,2025-12-01,Zona 10,34,Joven,28129.00,13873.15,7002.49
90,2025-02-01,Cobán,55,Adulto,3841.00,39172.54,3868.24
91,2025-04-01,Zona 10,22,Premium,22401.00,18854.56,2383.6
92,2025-11-01,Zona 10,56,Adulto,29395.00,49970.14,8960.33
93,2025-07-01,Zona 10,60,Adulto,15142.00,40728.82,6212.65
94,2025-02-01,Quetzaltenango,45,Adulto,14868.00,10154.97,2172.72
95,2025-12-01,Petén,51,Adulto,24314.00,22255.58,8605.71
96,2025-07-01,Quetzaltenango,70,Joven,26954.00,16151.80,4031.64
97,2025-08-01,Cobán,33,Adulto,27591.00,8928.30,5603.9
98,2025-08-01,Escuintla,38,Adulto,8958.00,13799.98,5146.32
99,2025-10-01,Quetzaltenango,62,Joven,12052.00,11410.45,4171.84
100,2025-12-01,Cobán,44,Premium,19009.00,16632.12,4496.15
101,2025-08-01,Cobán,46,Premium,28982.00,34959.27,5180.54
102,2025-05-01,Escuintla,60,Adulto,22056.00,14637.33,6862.02
103,2025-09-01,Escuintla,39,Joven,14528.00,22215.40,3479.36
104,2025-12-01,Quetzaltenango,30,Joven,13339.00,35866.86,6691.27
105,2025-12-01,Petén,48,Premium,12060.00,19770.71,0
106,2025-02-01,Zona 10,30,Premium,12707.00,26064.18,6245.27
107,2025-03-01,Quetzaltenango,35,Premium,4491.00,40037.46,4591.66
108,2025-02-01,Escuintla,18,Joven,21810.00,22067.51,7229.97
109,2025-05-01,Zona 10,48,Premium,6738.00,30315.92,3180.37
110,2025-11-01,Escuintla,21,Joven,7971.00,34136.61,7073.84
111,2025-02-01,Petén,53,Joven,28049.00,11030.89,6353.8
112,2025-07-01,Cobán,46,Adulto,17507.00,20311.80,7548.24
113,2025-10-01,Quetzaltenango,21,Premium,22976.00,30314.80,4773.21
114,2025-05-01,Zona 10,60,Joven,5660.00,29088.50,6031.09
115,2025-07-01,Quetzaltenango,46,Adulto,25589.00,16722.91,4077.47
116,2025-05-01,Escuintla,62,Premium,17877.00,32889.09,5630.67
117,2025-11-01,Quetzaltenango,69,Adulto,9482.00,11584.14,6136.83
118,2025-02-01,Petén,21,Adulto,8436.00,29270.22,2406.68
119,2025-02-01,Escuintla,47,Premium,25566.00,20940.06,6913.7
120,2025-08-01,Escuintla,46,Premium,5635.00,4445.40,2575.03
121,2025-01-01,Petén,23,Premium,10501.00,47166.36,4098.58
122,2025-11-01,Quetzaltenango,70,Adulto,11831.00,6926.96,3435.37
123,2025-11-01,Cobán,46,Joven,12114.00,31644.27,7411.61
124,2025-06-01,Quetzaltenango,44,Adulto,13921.00,22564.34,5847.99
125,2025-12-01,Petén,49,Joven,12444.00,18663.26,3274.53
126,2025-02-01,Cobán,38,Premium,11270.00,10868.27,9749.16
127,2025-11-01,Escuintla,52,Premium,18138.00,18385.96,5668.41
128,2025-11-01,Quetzaltenango,46,Adulto,27903.00,33966.23,5502.34
129,2025-12-01,Quetzaltenango,49,Premium,6978.00,41644.60,5508.79
130,2025-05-01,Zona 10,53,Adulto,3448.00,19975.14,4714.73
131,2025-11-01,Escuintla,27,Adulto,19330.00,34090.29,4317.68
132,2025-08-01,Petén,33,Premium,17967.00,13802.66,4377.18
133,2025-03-01,Escuintla,22,Premium,12052.00,28344.98,1113.48
134,2025-01-01,Cobán,36,Joven,26791.00,20206.82,7536.74
135,2025-09-01,Cobán,48,Adulto,14309.00,14919.77,7948.01
136,2025-04-01,Cobán,62,Joven,10825.00,17122.98,4364.02
137,2025-12-01,Quetzaltenango,48,Adulto,26108.00,35060.94,3985.87
138,2025-03-01,Cobán,50,Joven,22339.00,22280.75,5800.45
139,2025-08-01,Quetzaltenango,18,Joven,26673.00,39984.75,8184.66
140,2025-05-01,Escuintla,39,Premium,23422.00,18875.99,2288.34
141,2025-07-01,Petén,38,Joven,23538.00,21044.25,1689.06
142,2025-02-01,Quetzaltenango,33,Premium,23681.00,21042.78,3491.54
143,2025-07-01,Cobán,24,Joven,27915.00,8747.93,1975.91
144,2025-05-01,Escuintla,19,Adulto,4507.00,23162.73,5606.86
145,2025-03-01,Quetzaltenango,33,Joven,20405.00,9542.92,6588.68
146,2025-02-01,Petén,57,Joven,15535.00,18495.26,3985.65
147,2025-08-01,Cobán,58,Adulto,11322.00,7779.09,5745.19
148,2025-09-01,Petén,28,Adulto,5420.00,14682.16,5659.33
149,2025-07-01,Cobán,62,Adulto,11195.00,15193.79,5454.45
150,2025-04-01,Escuintla,42,Joven,21740.00,18643.83,6297.74
151,2025-07-01,Zona 10,35,Premium,3265.00,8284.49,3775.07
152,2025-08-01,Escuintla,36,Joven,28419.00,29956.63,2394.15
153,2025-04-01,Quetzaltenango,57,Premium,11212.00,16594.05,2128.15
154,2025-11-01,Petén,59,Adulto,4291.00,20317.69,7010.3
155,2025-03-01,Quetzaltenango,23,Joven,12670.00,19234.76,6836.51
156,2025-06-01,Escuintla,51,Adulto,19442.00,44349.44,3051.18
157,2025-12-01,Quetzaltenango,39,Joven,29353.00,48081.93,8398.87
158,2025-12-01,Escuintla,61,Joven,16022.00,46227.21,4262.0
159,2025-01-01,Escuintla,34,Premium,20582.00,33208.80,6344.08
160,2025-11-01,Petén,41,Premium,6550.00,18835.26,2988.61
161,2025-10-01,Escuintla,32,Premium,24222.00,45621.82,6441.82
162,2025-02-01,Cobán,26,Joven,4485.00,34646.42,4435.53
163,2025-04-01,Petén,52,Adulto,7445.00,16159.35,6240.2
164,2025-12-01,Cobán,64,Premium,8063.00,38160.80,3076.31
165,2025-05-01,Quetzaltenango,20,Adulto,25619.00,16076.44,6573.24
166,2025-11-01,Zona 10,41,Adulto,20841.00,39076.05,3333.43
167,2025-04-01,Petén,25,Joven,17900.00,31948.98,5752.19
168,2025-06-01,Petén,33,Joven,7126.00,26872.67,3680.92
169,2025-04-01,Petén,70,Joven,10634.00,21787.28,5995.22
170,2025-03-01,Zona 10,26,Joven,20701.00,24969.45,6238.58
171,2025-06-01,Quetzaltenango,68,Adulto,28835.00,25804.12,6764.04
172,2025-03-01,Cobán,65,Adulto,16794.00,5409.08,4460.0
173,2025-09-01,Petén,55,Joven,6573.00,16890.33,5420.41
174,2025-11-01,Zona 10,51,Adulto,12883.00,0.00,6343.96
175,2025-07-01,Zona 10,61,Joven,6537.00,0.00,5268.0
176,2025-10-01,Petén,27,Premium,5152.00,36784.17,6993.66
177,2025-06-01,Petén,42,Adulto,22575.00,12046.66,4580.34
178,2025-12-01,Quetzaltenango,25,Adulto,24453.00,13021.68,2218.66
179,2025-04-01,Zona 10,44,Adulto,14106.00,30658.43,3216.66
180,2025-06-01,Cobán,60,Joven,11352.00,20137.80,5817.52
181,2025-02-01,Quetzaltenango,23,Premium,17151.00,41153.32,6868.58
182,2025-10-01,Escuintla,53,Premium,21405.00,22059.97,5896.03
183,2025-12-01,Petén,21,Premium,12425.00,15979.26,3901.74
184,2025-03-01,Petén,60,Adulto,18800.00,25925.36,5944.71
185,2025-05-01,Petén,54,Premium,10410.00,33154.84,1384.01
186,2025-11-01,Escuintla,53,Joven,3860.00,11388.08,3147.21
187,2025-05-01,Zona 10,62,Joven,27982.00,21039.21,6698.89
188,2025-10-01,Zona 10,60,Joven,16132.00,42868.54,6391.92
189,2025-09-01,Escuintla,31,Adulto,15327.00,15403.72,5881.46
190,2025-06-01,Quetzaltenango,67,Joven,21598.00,4534.40,2643.39
191,2025-01-01,Cobán,61,Premium,5673.00,22553.49,7917.18
192,2025-07-01,Cobán,35,Joven,10063.00,25183.19,4017.29
193,2025-11-01,Zona 10,61,Joven,22435.00,7263.78,5248.86
194,2025-10-01,Quetzaltenango,21,Adulto,3251.00,33172.24,9625.53
195,2025-06-01,Quetzaltenango,25,Adulto,3253.00,12265.10,5034.87
196,2025-12-01,Escuintla,32,Joven,19392.00,8378.15,3928.78
197,2025-12-01,Escuintla,20,Premium,17294.00,51861.25,5529.63
198,2025-10-01,Cobán,43,Joven,26248.00,18682.46,3724.93
199,2025-03-01,Escuintla,69,Joven,23254.00,7218.02,5759.02
200,2025-02-01,Cobán,33,Adulto,17276.00,12599.92,3708.91
201,2025-06-01,Zona 10,32,Premium,13913.00,25870.30,4216.04
202,2025-04-01,Quetzaltenango,67,Joven,14448.00,7056.14,9057.02
203,2025-03-01,Zona 10,34,Joven,9464.00,28196.05,6021.5
204,2025-08-01,Petén,47,Premium,27721.00,10454.87,3973.75
205,2025-10-01,Cobán,38,Adulto,23552.00,19785.08,6969.7
206,2025-05-01,Zona 10,68,Adulto,12000.00,15616.67,3987.85
207,2025-08-01,Zona 10,20,Premium,4864.00,18299.53,6208.28
208,2025-09-01,Zona 10,42,Adulto,18162.00,0.00,2598.02
209,2025-11-01,Zona 10,30,Adulto,13535.00,13814.25,3553.8
210,2025-06-01,Quetzaltenango,63,Premium,5763.00,17617.07,4964.82
211,2025-08-01,Escuintla,51,Adulto,20129.00,16196.11,3789.15
212,2025-06-01,Escuintla,61,Joven,22591.00,41033.33,5912.38
213,2025-02-01,Petén,53,Joven,25229.00,18081.59,5996.6
214,2025-02-01,Cobán,55,Joven,24745.00,32020.37,6440.49
215,2025-12-01,Escuintla,23,Joven,13144.00,8932.74,3960.68
216,2025-12-01,Cobán,65,Premium,25459.00,29531.45,4536.85
217,2025-01-01,Cobán,41,Joven,13120.00,28535.09,6257.46
218,2025-03-01,Petén,27,Premium,5528.00,19001.16,8378.5
219,2025-09-01,Quetzaltenango,20,Premium,24690.00,14389.56,7915.94
220,2025-03-01,Quetzaltenango,28,Premium,8925.00,35079.71,2004.43
221,2025-01-01,Cobán,44,Premium,14937.00,21055.39,3681.93
222,2025-12-01,Cobán,68,Joven,17710.00,25890.31,6471.3
223,2025-11-01,Cobán,54,Premium,17437.00,15518.49,5388.01
224,2025-07-01,Escuintla,28,Joven,29767.00,30081.44,7589.77
225,2025-08-01,Petén,41,Joven,21171.00,42328.85,3734.94
226,2025-02-01,Quetzaltenango,66,Adulto,8253.00,21281.66,9298.0
227,2025-04-01,Cobán,70,Joven,17782.00,45742.50,1937.85
228,2025-09-01,Quetzaltenango,41,Joven,10725.00,21261.97,5541.19
229,2025-02-01,Zona 10,63,Adulto,24297.00,21556.88,5966.31
230,2025-12-01,Zona 10,26,Joven,27865.00,21389.35,2902.32
231,2025-05-01,Petén,31,Adulto,7899.00,6559.28,4026.84
232,2025-05-01,Petén,33,Adulto,12868.00,31385.65,6022.94
233,2025-02-01,Petén,49,Joven,22553.00,8466.74,4364.88
234,2025-03-01,Petén,36,Adulto,17065.00,36193.92,5018.34
235,2025-11-01,Petén,60,Premium,5805.00,13774.21,4721.9
236,2025-09-01,Cobán,53,Adulto,3666.00,14554.48,6431.87
237,2025-12-01,Zona 10,19,Premium,14701.00,27644.79,3214.43
238,2025-06-01,Quetzaltenango,26,Premium,4452.00,18460.24,6455.51
239,2025-12-01,Cobán,48,Joven,23700.00,27666.17,5980.5
240,2025-04-01,Escuintla,20,Premium,28923.00,26096.16,5555.97
241,2025-09-01,Escuintla,48,Adulto,11300.00,41858.67,5658.17
242,2025-11-01,Cobán,39,Premium,11952.00,33155.80,6350.36
243,2025-07-01,Petén,39,Adulto,9121.00,10925.53,5055.97
244,2025-12-01,Quetzaltenango,45,Premium,5586.00,0.00,7754.68
245,2025-06-01,Cobán,24,Premium,5623.00,20275.49,6477.73
246,2025-07-01,Escuintla,28,Premium,25602.00,12738.62,5751.6
247,2025-05-01,Cobán,58,Adulto,28935.00,29488.15,4746.02
248,2025-12-01,Petén,61,Premium,8242.00,31370.12,4675.49
249,2025-01-01,Escuintla,26,Adulto,5203.00,26518.05,7867.88
250,2025-01-01,Escuintla,56,Adulto,8027.00,12386.44,599.97
251,2025-10-01,Escuintla,26,Joven,20349.00,18009.83,6289.27
252,2025-01-01,Petén,65,Joven,9096.00,13128.46,5011.89
253,2025-05-01,Cobán,63,Joven,17623.00,28644.97,7683.73
254,2025-03-01,Zona 10,22,Premium,17812.00,33860.32,7795.68
255,2025-11-01,Escuintla,40,Joven,26250.00,38768.69,5992.0
256,2025-12-01,Quetzaltenango,62,Joven,23896.00,30218.15,6683.03
257,2025-03-01,Petén,33,Adulto,28898.00,13653.08,5071.07
258,2025-09-01,Cobán,26,Premium,23052.00,28305.86,4509.59
259,2025-08-01,Zona 10,51,Joven,16460.00,27684.04,1302.96
260,2025-11-01,Quetzaltenango,22,Premium,17744.00,10847.89,5514.28
261,2025-10-01,Zona 10,29,Joven,28158.00,37489.68,4552.04
262,2025-03-01,Quetzaltenango,37,Adulto,8395.00,39729.06,8975.99
263,2025-05-01,Escuintla,23,Joven,11211.00,34941.37,9723.07
264,2025-05-01,Petén,57,Premium,20481.00,39300.86,6585.63
265,2025-03-01,Petén,60,Joven,23462.00,21998.55,2319.79
266,2025-02-01,Quetzaltenango,20,Premium,24019.00,26239.25,3445.43
267,2025-10-01,Escuintla,58,Premium,3992.00,8144.66,5034.63
268,2025-08-01,Cobán,33,Joven,29368.00,29319.14,3089.49
269,2025-01-01,Escuintla,28,Premium,17404.00,13430.47,6130.22
270,2025-06-01,Cobán,63,Joven,13463.00,22638.19,1047.98
271,2025-09-01,Escuintla,53,Adulto,6479.00,19340.46,7033.77
272,2025-03-01,Petén,24,Adulto,4658.00,22046.34,6906.74
273,2025-03-01,Quetzaltenango,70,Joven,13729.00,42539.97,3707.64
274,2025-09-01,Zona 10,47,Adulto,19343.00,35204.36,3384.22
275,2025-08-01,Escuintla,33,Adulto,10049.00,21717.68,4684.11
276,2025-11-01,Zona 10,61,Adulto,18420.00,24657.49,5249.86
277,2025-05-01,Cobán,64,Joven,14985.00,25996.06,3098.08
278,2025-09-01,Petén,30,Adulto,14879.00,20569.80,4743.45
279,2025-05-01,Zona 10,70,Adulto,23422.00,22443.90,4088.75
280,2025-06-01,Petén,53,Adulto,14980.00,25249.39,3668.08
281,2025-01-01,Cobán,20,Premium,4275.00,32038.16,6365.36
282,2025-03-01,Escuintla,56,Joven,19892.00,42735.07,8563.01
283,2025-10-01,Petén,65,Premium,12805.00,13126.73,3678.21
284,2025-12-01,Escuintla,54,Premium,12823.00,22829.17,5057.55
285,2025-07-01,Zona 10,55,Premium,13081.00,30585.94,1922.57
286,2025-05-01,Quetzaltenango,59,Premium,28654.00,40530.78,4540.81
287,2025-10-01,Cobán,48,Joven,8587.00,6042.89,4515.19
288,2025-04-01,Zona 10,20,Adulto,21761.00,30486.40,4691.45
289,2025-07-01,Petén,27,Adulto,16531.00,20495.40,3086.23
290,2025-12-01,Escuintla,21,Premium,26126.00,30290.01,6039.98
291,2025-09-01,Petén,42,Adulto,13281.00,37824.68,4403.49
292,2025-06-01,Escuintla,61,Premium,28296.00,37217.18,2766.61
293,2025-04-01,Escuintla,33,Adulto,12142.00,16999.12,4490.49
294,2025-04-01,Petén,62,Premium,26101.00,11313.34,5157.87
295,2025-05-01,Cobán,25,Adulto,21791.00,19782.65,3249.51
296,2025-05-01,Cobán,20,Premium,12425.00,29678.64,4775.12
297,2025-12-01,Petén,48,Premium,10011.00,29427.21,7375.52
298,2025-03-01,Zona 10,24,Premium,23174.00,24492.33,3523.25
299,2025-04-01,Cobán,58,Joven,10629.00,36724.60,5668.92
300,2025-03-01,Cobán,18,Adulto,21033.00,31968.58,4837.76
301,2025-04-01,Zona 10,66,Premium,12412.00,17523.08,7598.55
302,2025-04-01,Quetzaltenango,52,Adulto,27205.00,20261.05,368.45
303,2025-01-01,Escuintla,43,Joven,28819.00,0.00,5136.23
304,2025-05-01,Escuintla,54,Adulto,22751.00,51759.98,8563.97
305,2025-09-01,Petén,51,Adulto,19184.00,29944.61,4311.76
306,2025-04-01,Escuintla,69,Premium,6691.00,15556.94,7833.89
307,2025-01-01,Quetzaltenango,65,Joven,14046.00,28937.93,2494.04
308,2025-11-01,Zona 10,43,Joven,17014.00,19911.71,4918.33
309,2025-08-01,Cobán,38,Adulto,11128.00,36793.35,5084.4
310,2025-05-01,Escuintla,55,Premium,26687.00,16617.97,4311.5
311,2025-01-01,Petén,60,Premium,6873.00,18087.37,5254.53
312,2025-12-01,Petén,25,Joven,23929.00,33673.04,4158.93
313,2025-03-01,Escuintla,48,Adulto,8019.00,0.00,6673.83
314,2025-09-01,Quetzaltenango,48,Joven,27816.00,7764.91,4310.03
315,2025-10-01,Escuintla,68,Joven,5682.00,10480.35,4608.82
316,2025-02-01,Petén,21,Joven,20945.00,31609.60,4229.79
317,2025-06-01,Petén,51,Adulto,17478.00,31061.80,5904.79
318,2025-09-01,Cobán,46,Adulto,29499.00,30997.63,5364.4
319,2025-01-01,Zona 10,53,Adulto,18151.00,20195.34,3481.42
320,2025-01-01,Escuintla,65,Premium,10140.00,21779.92,4712.33
321,2025-09-01,Escuintla,21,Adulto,5261.00,38512.23,4803.34
322,2025-03-01,Cobán,67,Adulto,24021.00,42131.03,4608.89
323,2025-08-01,Petén,42,Joven,15309.00,52107.22,7492.97
324,2025-06-01,Quetzaltenango,25,Premium,8848.00,36979.76,4910.2
325,2025-01-01,Petén,66,Adulto,3744.00,38259.62,4699.5
326,2025-07-01,Escuintla,70,Joven,10525.00,25172.92,6843.45
327,2025-02-01,Zona 10,20,Joven,29524.00,16134.26,2665.23
328,2025-02-01,Zona 10,24,Joven,22462.00,40836.64,5565.24
329,2025-01-01,Zona 10,43,Joven,17383.00,25825.16,6393.13
330,2025-05-01,Petén,32,Premium,29731.00,38602.42,3685.98
331,2025-06-01,Petén,33,Joven,12888.00,49925.19,910.98
332,2025-05-01,Quetzaltenango,35,Premium,4997.00,9948.18,4066.12
333,2025-07-01,Cobán,53,Premium,19240.00,35552.29,5533.61
334,2025-12-01,Petén,44,Adulto,16377.00,31901.87,6567.01
335,2025-04-01,Zona 10,37,Premium,26185.00,33244.96,6756.73
336,2025-07-01,Quetzaltenango,53,Adulto,20366.00,30957.68,6113.42
337,2025-02-01,Quetzaltenango,46,Joven,15159.00,41109.18,6762.76
338,2025-07-01,Quetzaltenango,61,Premium,22823.00,5520.76,2548.94
339,2025-11-01,Escuintla,53,Adulto,10111.00,986.56,5521.08
340,2025-04-01,Cobán,30,Joven,27296.00,59994.31,10294.76
341,2025-10-01,Escuintla,63,Adulto,9701.00,17931.12,5894.67
342,2025-08-01,Petén,52,Adulto,24257.00,19076.92,6204.66
343,2025-02-01,Quetzaltenango,69,Adulto,26672.00,2457.62,5729.17
344,2025-07-01,Zona 10,20,Adulto,21432.00,37963.62,2520.68
345,2025-10-01,Escuintla,55,Joven,26593.00,19003.91,5569.37
346,2025-10-01,Escuintla,33,Adulto,19361.00,0.00,3500.16
347,2025-12-01,Escuintla,59,Joven,27235.00,17729.12,5071.69
348,2025-12-01,Zona 10,52,Premium,19001.00,35138.30,8841.48
349,2025-02-01,Quetzaltenango,70,Premium,24896.00,26295.49,5067.93
350,2025-02-01,Escuintla,63,Joven,7948.00,39222.48,5136.3
351,2025-11-01,Zona 10,60,Joven,23202.00,40029.02,3470.47
352,2025-09-01,Petén,44,Adulto,3388.00,44100.24,5335.79
353,2025-09-01,Quetzaltenango,70,Joven,25867.00,15013.66,1781.94
354,2025-09-01,Escuintla,27,Adulto,10896.00,30235.31,7284.46
355,2025-02-01,Quetzaltenango,41,Adulto,16304.00,16337.08,5380.42
356,2025-02-01,Cobán,59,Adulto,24295.00,25320.05,4115.42
357,2025-08-01,Cobán,21,Adulto,23864.00,32345.25,5072.78
358,2025-06-01,Quetzaltenango,54,Joven,6124.00,46244.73,2246.04
359,2025-10-01,Escuintla,48,Premium,11883.00,29516.56,5226.73
360,2025-11-01,Quetzaltenango,20,Premium,8877.00,34400.89,4247.82
361,2025-12-01,Petén,70,Joven,16051.00,34126.64,4271.04
362,2025-07-01,Quetzaltenango,61,Premium,20713.00,15104.18,7924.33
363,2025-02-01,Cobán,50,Joven,27427.00,28935.11,4893.26
364,2025-06-01,Escuintla,56,Joven,28198.00,12811.63,3234.66
365,2025-05-01,Cobán,68,Adulto,17763.00,13765.64,5110.68
366,2025-11-01,Escuintla,55,Joven,24648.00,9947.92,7353.65
367,2025-02-01,Quetzaltenango,23,Premium,11780.00,35714.25,7600.12
368,2025-06-01,Cobán,41,Adulto,6491.00,49100.91,7603.31
369,2025-02-01,Petén,26,Premium,5860.00,30020.83,7016.35
370,2025-02-01,Petén,19,Adulto,5936.00,21777.78,5702.18
371,2025-01-01,Petén,36,Joven,16559.00,21154.81,5545.27
372,2025-09-01,Escuintla,28,Adulto,25456.00,20196.51,5744.9
373,2025-03-01,Cobán,22,Joven,8479.00,13495.02,5834.41
374,2025-05-01,Quetzaltenango,33,Adulto,26622.00,13612.36,3101.26
375,2025-03-01,Petén,37,Adulto,3221.00,35231.17,4431.98
376,2025-08-01,Petén,39,Joven,17110.00,34507.17,1368.18
377,2025-06-01,Cobán,56,Adulto,25783.00,28167.49,6654.83
378,2025-12-01,Quetzaltenango,62,Adulto,23738.00,9307.95,5147.93
379,2025-05-01,Petén,70,Joven,28751.00,20384.56,5612.83
380,2025-09-01,Cobán,29,Premium,25338.00,25309.67,4535.66
381,2025-08-01,Cobán,69,Premium,12546.00,27220.66,4339.43
382,2025-03-01,Cobán,58,Adulto,12923.00,25881.69,7928.73
383,2025-08-01,Cobán,56,Premium,18703.00,12100.35,3778.27
384,2025-06-01,Zona 10,62,Joven,29617.00,8347.07,4344.61
385,2025-11-01,Petén,60,Premium,14632.00,33293.39,7382.73
386,2025-11-01,Zona 10,43,Joven,27663.00,14500.78,8108.71
387,2025-05-01,Petén,32,Joven,19733.00,24696.82,2444.83
388,2025-06-01,Petén,43,Joven,18173.00,27237.80,2360.64
389,2025-01-01,Zona 10,48,Joven,6425.00,17394.83,9319.04
390,2025-03-01,Petén,40,Adulto,13220.00,13398.72,7920.83
391,2025-08-01,Zona 10,24,Adulto,17357.00,22694.37,2838.82
392,2025-12-01,Quetzaltenango,25,Premium,3740.00,35119.91,2653.19
393,2025-09-01,Cobán,29,Joven,21084.00,33226.45,7164.54
394,2025-11-01,Zona 10,29,Premium,9107.00,16892.28,3356.53
395,2025-04-01,Quetzaltenango,46,Joven,22405.00,23975.88,5080.91
396,2025-12-01,Petén,69,Joven,29083.00,30135.21,5354.91
397,2025-06-01,Cobán,30,Premium,17993.00,38493.83,6956.64
398,2025-06-01,Escuintla,56,Adulto,15734.00,12787.56,3287.79
399,2025-10-01,Petén,29,Premium,29664.00,15046.64,1814.38
400,2025-11-01,Quetzaltenango,26,Adulto,13262.00,32561.27,6151.95
401,2025-03-01,Cobán,50,Adulto,15729.00,19307.36,5535.35
402,2025-08-01,Quetzaltenango,58,Premium,20608.00,18988.06,2300.56
403,2025-08-01,Petén,36,Joven,7597.00,33875.18,8545.77
404,2025-01-01,Petén,49,Premium,7473.00,28992.04,6852.75
405,2025-08-01,Cobán,44,Adulto,25436.00,6140.36,5163.56
406,2025-02-01,Zona 10,54,Adulto,4011.00,27408.23,3646.48
407,2025-09-01,Cobán,36,Premium,8511.00,27974.66,2465.15
408,2025-02-01,Escuintla,54,Premium,6742.00,23315.35,7487.49
409,2025-12-01,Quetzaltenango,46,Adulto,20902.00,27479.68,7063.6
410,2025-08-01,Zona 10,34,Joven,14422.00,28317.43,4350.15
411,2025-12-01,Cobán,55,Joven,25581.00,13829.60,7541.21
412,2025-03-01,Petén,68,Adulto,9770.00,33438.90,1665.64
413,2025-05-01,Escuintla,56,Adulto,20654.00,41366.48,9844.1
414,2025-05-01,Cobán,50,Joven,25259.00,27579.45,4009.63
415,2025-11-01,Escuintla,26,Joven,25984.00,31061.08,3869.71
416,2025-07-01,Cobán,49,Adulto,7658.00,16607.68,4260.25
417,2025-02-01,Petén,58,Premium,29037.00,28870.00,4395.26
418,2025-12-01,Zona 10,41,Premium,17899.00,35167.54,4452.38
419,2025-12-01,Zona 10,47,Premium,23802.00,19194.64,3383.85
420,2025-04-01,Escuintla,45,Adulto,9941.00,14409.29,5058.64
421,2025-10-01,Zona 10,26,Joven,21551.00,37688.20,2180.63
422,2025-11-01,Quetzaltenango,68,Adulto,18059.00,52487.82,5470.3
423,2025-01-01,Escuintla,45,Joven,9629.00,51288.62,4881.43
424,2025-02-01,Quetzaltenango,59,Joven,14810.00,24971.70,6928.65
425,2025-11-01,Zona 10,37,Premium,26789.00,22262.19,3612.24
426,2025-01-01,Petén,31,Premium,18624.00,39212.37,6262.55
427,2025-01-01,Cobán,18,Premium,25793.00,21625.71,5843.68
428,2025-08-01,Zona 10,22,Joven,10502.00,10575.01,7171.94
429,2025-06-01,Quetzaltenango,37,Premium,7493.00,8716.97,7462.52
430,2025-03-01,Quetzaltenango,22,Adulto,20383.00,9810.80,3936.63
431,2025-12-01,Petén,31,Premium,23580.00,24706.72,506.35
432,2025-04-01,Cobán,23,Adulto,6292.00,28921.25,5790.13
433,2025-06-01,Quetzaltenango,68,Premium,7581.00,25240.07,7876.62
434,2025-10-01,Zona 10,64,Premium,22909.00,18780.67,9648.14
435,2025-04-01,Escuintla,51,Premium,22887.00,5116.32,4801.48
436,2025-04-01,Petén,49,Joven,15644.00,35723.19,6531.15
437,2025-01-01,Petén,41,Adulto,13370.00,41095.79,7929.0
438,2025-09-01,Zona 10,61,Joven,8661.00,27382.39,44.76
439,2025-02-01,Cobán,18,Premium,11591.00,30797.76,9419.76
440,2025-11-01,Cobán,63,Joven,19418.00,26351.54,2912.77
441,2025-09-01,Zona 10,52,Premium,23186.00,27878.54,5684.27
442,2025-03-01,Zona 10,52,Adulto,13706.00,11835.54,6798.18
443,2025-07-01,Cobán,64,Joven,10819.00,29762.06,5302.22
444,2025-10-01,Quetzaltenango,56,Joven,4803.00,17813.58,8065.01
445,2025-12-01,Escuintla,26,Premium,25986.00,39020.14,5166.93
446,2025-12-01,Escuintla,34,Premium,8471.00,11156.18,7399.91
447,2025-01-01,Escuintla,39,Premium,29447.00,11799.18,6046.73
448,2025-11-01,Cobán,22,Premium,19257.00,14106.73,5525.02
449,2025-06-01,Zona 10,28,Joven,11359.00,28715.37,805.79
450,2025-09-01,Zona 10,18,Adulto,4443.00,26190.82,4756.03
451,2025-07-01,Petén,27,Premium,8864.00,46506.33,3345.12
452,2025-11-01,Escuintla,44,Adulto,10356.00,19571.39,6867.55
453,2025-10-01,Quetzaltenango,41,Joven,6912.00,0.00,4944.73
454,2025-01-01,Escuintla,43,Adulto,5258.00,42225.12,2200.1
455,2025-09-01,Escuintla,47,Premium,3261.00,18228.52,6218.29
456,2025-04-01,Quetzaltenango,47,Premium,15067.00,13264.95,3729.44
457,2025-04-01,Petén,27,Adulto,3208.00,27405.44,4818.67
458,2025-12-01,Escuintla,18,Joven,13977.00,42561.22,5026.89
459,2025-09-01,Quetzaltenango,33,Premium,16756.00,20787.71,5035.19
460,2025-02-01,Escuintla,20,Adulto,10584.00,36611.00,3542.99
461,2025-02-01,Cobán,55,Joven,6131.00,7921.44,4902.89
462,2025-10-01,Escuintla,21,Adulto,17253.00,21679.42,4097.6
463,2025-07-01,Quetzaltenango,62,Joven,27096.00,18925.77,6948.85
464,2025-03-01,Quetzaltenango,67,Adulto,28236.00,18990.20,4410.11
465,2025-06-01,Quetzaltenango,44,Adulto,6956.00,0.00,3842.75
466,2025-08-01,Escuintla,34,Premium,6929.00,43364.39,6953.77
467,2025-10-01,Zona 10,20,Premium,10045.00,30497.78,3470.97
468,2025-06-01,Quetzaltenango,43,Joven,19825.00,34637.16,5510.2
469,2025-08-01,Zona 10,53,Joven,27513.00,19909.70,4723.63
470,2025-01-01,Cobán,21,Adulto,28590.00,31313.66,4884.28
471,2025-11-01,Zona 10,59,Joven,5753.00,16927.40,4234.55
472,2025-04-01,Escuintla,59,Joven,17530.00,26918.94,4181.7
473,2025-08-01,Cobán,21,Adulto,8504.00,36360.84,4022.18
474,2025-07-01,Quetzaltenango,61,Adulto,16980.00,28889.89,6230.19
475,2025-08-01,Escuintla,27,Adulto,4135.00,12468.07,3179.34
476,2025-09-01,Cobán,48,Joven,4998.00,35046.73,6029.32
477,2025-09-01,Zona 10,33,Adulto,23668.00,40020.89,4906.95
478,2025-06-01,Petén,48,Premium,20842.00,27162.41,3199.09
479,2025-07-01,Zona 10,35,Adulto,8892.00,40964.47,5439.66
480,2025-08-01,Quetzaltenango,51,Joven,14712.00,30018.57,0
481,2025-11-01,Zona 10,33,Joven,11733.00,4233.37,4256.22
482,2025-07-01,Escuintla,40,Premium,8692.00,32200.79,7396.2
483,2025-12-01,Petén,62,Joven,14523.00,39622.24,4166.62
484,2025-09-01,Quetzaltenango,37,Premium,8752.00,19789.94,5052.24
485,2025-01-01,Quetzaltenango,51,Joven,18662.00,51831.34,5019.2
486,2025-12-01,Zona 10,29,Joven,29293.00,30924.77,3532.84
487,2025-12-01,Escuintla,27,Joven,28374.00,36248.53,6569.29
488,2025-12-01,Escuintla,60,Joven,15962.00,15678.69,4067.79
489,2025-12-01,Escuintla,45,Joven,28947.00,16110.44,3225.79
490,2025-09-01,Petén,62,Joven,23110.00,26964.71,3616.62
491,2025-05-01,Zona 10,64,Premium,25560.00,22927.58,6202.49
492,2025-07-01,Petén,67,Joven,21595.00,40961.56,5548.87
493,2025-10-01,Quetzaltenango,24,Adulto,19258.00,37589.58,7557.34
494,2025-03-01,Escuintla,58,Adulto,5907.00,32776.84,2318.6
495,2025-05-01,Zona 10,31,Premium,11176.00,21103.78,3259.16
496,2025-01-01,Cobán,42,Adulto,17359.00,21544.18,0
497,2025-06-01,Petén,52,Premium,15299.00,36021.31,6359.93
498,2025-04-01,Escuintla,28,Joven,17787.00,45758.15,6727.61
499,2025-05-01,Quetzaltenango,24,Premium,5431.00,11307.38,8507.3
500,2025-09-01,Cobán,23,Premium,14073.00,11255.79,3463.55
501,2025-07-01,Zona 10,59,Joven,8406.00,14995.82,3667.32
502,2025-04-01,Petén,30,Adulto,16411.00,18745.52,1974.19
503,2025-05-01,Petén,37,Adulto,10783.00,34876.74,6132.61
504,2025-01-01,Petén,41,Adulto,3125.00,15994.88,5734.02
505,2025-02-01,Zona 10,19,Adulto,9781.00,29756.67,6460.09
506,2025-05-01,Escuintla,68,Joven,16024.00,0.00,5770.7
507,2025-09-01,Quetzaltenango,42,Adulto,9058.00,16893.49,6420.4
508,2025-05-01,Petén,46,Joven,18239.00,23077.48,8796.48
509,2025-12-01,Petén,60,Adulto,6168.00,34455.96,5941.52
510,2025-04-01,Cobán,53,Premium,4998.00,36970.61,1890.76
511,2025-08-01,Zona 10,54,Premium,10721.00,20187.11,5120.53
512,2025-09-01,Zona 10,69,Adulto,21726.00,17656.55,2500.31
513,2025-03-01,Zona 10,31,Premium,29491.00,26248.04,5552.85
514,2025-04-01,Escuintla,70,Premium,23552.00,34657.27,7154.36
515,2025-02-01,Escuintla,42,Premium,21230.00,16479.63,6068.24
516,2025-01-01,Cobán,68,Joven,25951.00,14556.81,3301.44
517,2025-03-01,Zona 10,27,Joven,21566.00,7783.86,3230.87
518,2025-02-01,Cobán,68,Adulto,12374.00,41632.44,1952.58
519,2025-11-01,Escuintla,49,Adulto,21744.00,22431.06,4650.48
520,2025-10-01,Escuintla,56,Premium,25308.00,23830.03,4472.35
521,2025-01-01,Zona 10,65,Adulto,18571.00,47486.84,2965.16
522,2025-05-01,Quetzaltenango,35,Joven,19109.00,36467.61,2636.79
523,2025-12-01,Cobán,46,Premium,28363.00,29360.45,3591.75
524,2025-02-01,Cobán,30,Premium,17474.00,30372.97,8618.68
525,2025-01-01,Petén,50,Adulto,28935.00,30607.68,6451.91
526,2025-09-01,Quetzaltenango,54,Joven,3948.00,36286.61,8620.57
527,2025-01-01,Escuintla,47,Adulto,4656.00,41309.97,3461.49
528,2025-09-01,Quetzaltenango,43,Adulto,23821.00,41065.81,3594.6
529,2025-10-01,Petén,46,Adulto,8819.00,38197.46,4442.9
530,2025-03-01,Zona 10,34,Adulto,27541.00,27541.46,4239.4
531,2025-03-01,Quetzaltenango,54,Premium,28553.00,48099.12,4137.36
532,2025-05-01,Zona 10,59,Adulto,16418.00,1085.05,4666.61
533,2025-11-01,Petén,29,Adulto,22698.00,27683.48,3648.55
534,2025-12-01,Escuintla,59,Adulto,12023.00,14647.56,5895.49
535,2025-04-01,Cobán,47,Premium,12900.00,15116.02,1653.57
536,2025-01-01,Petén,50,Premium,24704.00,47442.28,4200.51
537,2025-10-01,Escuintla,36,Adulto,12780.00,19489.33,2898.89
538,2025-06-01,Escuintla,35,Joven,11557.00,8539.69,901.51
539,2025-09-01,Petén,66,Adulto,10874.00,42540.89,2867.17
540,2025-06-01,Escuintla,61,Adulto,7585.00,21856.57,2127.98
541,2025-07-01,Petén,42,Joven,27141.00,43368.96,5690.77
542,2025-12-01,Cobán,63,Premium,10286.00,18333.52,2372.96
543,2025-09-01,Quetzaltenango,37,Adulto,8570.00,38233.69,1555.14
544,2025-08-01,Quetzaltenango,26,Premium,27278.00,23814.82,8630.07
545,2025-11-01,Escuintla,23,Adulto,10282.00,12827.01,7605.96
546,2025-06-01,Cobán,34,Joven,22187.00,18598.98,8755.51
547,2025-10-01,Petén,55,Joven,23337.00,47703.92,6816.04
548,2025-07-01,Quetzaltenango,51,Joven,12776.00,4250.48,7101.11
549,2025-06-01,Quetzaltenango,44,Adulto,21658.00,52563.42,1335.92
550,2025-03-01,Quetzaltenango,67,Adulto,5648.00,8106.07,5220.16
551,2025-01-01,Quetzaltenango,18,Premium,17812.00,22008.68,8347.87
552,2025-08-01,Cobán,68,Premium,28020.00,26174.13,3965.43
553,2025-07-01,Quetzaltenango,45,Premium,18643.00,22527.10,5371.18
554,2025-01-01,Zona 10,38,Premium,27800.00,28897.25,3873.25
555,2025-04-01,Zona 10,32,Adulto,25725.00,32430.63,3792.08
556,2025-10-01,Escuintla,37,Adulto,8472.00,28366.58,5244.01
557,2025-09-01,Quetzaltenango,56,Adulto,20174.00,11835.77,8563.48
558,2025-06-01,Cobán,66,Joven,9174.00,38326.88,8749.49
559,2025-04-01,Petén,64,Joven,7299.00,25609.90,5408.56
560,2025-06-01,Escuintla,63,Premium,24316.00,28044.72,3127.84
561,2025-01-01,Zona 10,56,Joven,4571.00,15820.91,2522.08
562,2025-02-01,Cobán,44,Premium,17559.00,13970.64,6720.7
563,2025-04-01,Zona 10,62,Premium,25470.00,18060.97,3763.61
564,2025-05-01,Zona 10,57,Premium,22845.00,21190.99,3015.4
565,2025-10-01,Quetzaltenango,25,Premium,12263.00,29290.01,5622.52
566,2025-05-01,Quetzaltenango,51,Joven,9608.00,17270.11,6599.37
567,2025-08-01,Zona 10,31,Joven,25551.00,34816.33,4269.01
568,2025-02-01,Zona 10,25,Premium,21813.00,21677.66,4007.28
569,2025-12-01,Cobán,64,Adulto,6319.00,39257.60,3380.27
570,2025-08-01,Escuintla,21,Adulto,6270.00,34445.72,1244.69
571,2025-06-01,Zona 10,45,Joven,27200.00,42484.04,7598.51
572,2025-11-01,Petén,59,Adulto,8587.00,12926.55,8734.34
573,2025-02-01,Cobán,41,Adulto,29704.00,21754.13,5821.06
574,2025-07-01,Quetzaltenango,62,Joven,18671.00,30354.35,2247.57
575,2025-12-01,Zona 10,64,Adulto,4921.00,47990.63,4554.27
576,2025-08-01,Cobán,69,Adulto,21643.00,21699.48,3861.0
577,2025-01-01,Cobán,61,Joven,26831.00,31261.97,4824.23
578,2025-08-01,Petén,20,Premium,5075.00,24240.15,6732.56
579,2025-12-01,Escuintla,54,Premium,10339.00,42693.00,4587.79
580,2025-12-01,Quetzaltenango,62,Adulto,23258.00,39597.59,6658.84
581,2025-11-01,Petén,61,Premium,24017.00,7807.41,7530.17
582,2025-01-01,Cobán,59,Joven,8142.00,11500.53,4921.26
583,2025-08-01,Petén,38,Joven,10893.00,20284.72,6410.66
584,2025-11-01,Cobán,42,Premium,16214.00,26990.11,4260.49
585,2025-02-01,Zona 10,49,Joven,17649.00,11405.36,10141.53
586,2025-07-01,Petén,20,Premium,21256.00,3621.05,3864.53
587,2025-05-01,Escuintla,50,Adulto,21426.00,29794.97,7875.15
588,2025-04-01,Cobán,47,Premium,13878.00,9489.96,3973.69
589,2025-06-01,Quetzaltenango,63,Joven,17828.00,40274.10,7216.71
590,2025-06-01,Zona 10,58,Joven,29211.00,21198.38,7345.94
591,2025-08-01,Zona 10,26,Adulto,29930.00,21032.70,1870.91
592,2025-04-01,Cobán,30,Joven,6956.00,35854.60,4151.7
593,2025-06-01,Petén,24,Joven,27810.00,1437.91,7340.11
594,2025-08-01,Cobán,60,Joven,22310.00,31210.44,4707.66
595,2025-12-01,Cobán,21,Premium,21128.00,46059.22,3489.21
596,2025-12-01,Cobán,55,Premium,8690.00,24230.97,3959.42
597,2025-10-01,Petén,38,Premium,19518.00,34185.62,3587.32
598,2025-05-01,Quetzaltenango,43,Joven,14234.00,37952.57,4595.1
599,2025-10-01,Petén,62,Adulto,27524.00,1974.04,4702.95
600,2025-12-01,Escuintla,53,Premium,23728.00,26677.53,6343.39
601,2025-11-01,Petén,26,Premium,26278.00,7231.14,919.22
602,2025-11-01,Cobán,38,Premium,26276.00,33369.61,6236.13
603,2025-11-01,Petén,63,Adulto,16679.00,13353.63,1234.8
604,2025-01-01,Zona 10,51,Joven,6488.00,31640.45,5177.23
605,2025-03-01,Escuintla,36,Joven,25393.00,24919.11,8824.87
606,2025-01-01,Petén,40,Joven,29674.00,9126.04,5812.19
607,2025-11-01,Escuintla,53,Premium,15743.00,26636.50,8492.39
608,2025-01-01,Escuintla,42,Premium,15699.00,6699.13,6763.57
609,2025-01-01,Cobán,65,Joven,11235.00,32026.83,8857.43
610,2025-12-01,Petén,63,Joven,24221.00,14221.30,6968.27
611,2025-04-01,Quetzaltenango,36,Joven,17706.00,33006.27,7720.6
612,2025-09-01,Escuintla,25,Joven,15360.00,34393.76,5408.64
613,2025-10-01,Quetzaltenango,34,Joven,3184.00,15849.32,7751.08
614,2025-06-01,Escuintla,56,Adulto,4666.00,27490.69,2228.33
615,2025-09-01,Quetzaltenango,40,Joven,5388.00,27227.25,3290.51
616,2025-02-01,Cobán,68,Joven,19552.00,33097.76,7108.19
617,2025-04-01,Quetzaltenango,31,Premium,24736.00,19413.31,6647.21
618,2025-08-01,Zona 10,53,Premium,29990.00,25232.89,2104.99
619,2025-08-01,Zona 10,33,Premium,24045.00,12369.12,3174.38
620,2025-07-01,Escuintla,68,Joven,6715.00,13724.38,6638.51
621,2025-06-01,Escuintla,50,Premium,29306.00,11159.98,4873.27
622,2025-06-01,Petén,50,Premium,5698.00,31882.47,4612.99
623,2025-11-01,Cobán,22,Joven,9906.00,15074.06,1975.73
624,2025-09-01,Zona 10,62,Premium,27293.00,27729.62,2151.6
625,2025-03-01,Zona 10,19,Joven,18047.00,24310.71,4456.14
626,2025-05-01,Escuintla,53,Adulto,5308.00,17313.98,4347.68
627,2025-08-01,Zona 10,58,Premium,16252.00,22978.26,5150.81
628,2025-11-01,Zona 10,64,Premium,23262.00,43317.61,6281.18
629,2025-06-01,Petén,50,Joven,6477.00,20476.61,7948.8
630,2025-08-01,Quetzaltenango,42,Premium,15947.00,26314.56,4550.08
631,2025-03-01,Escuintla,65,Premium,15812.00,31764.26,1274.73
632,2025-05-01,Zona 10,61,Premium,29051.00,36640.60,2858.12
633,2025-03-01,Petén,25,Premium,4368.00,41162.68,5085.16
634,2025-05-01,Quetzaltenango,31,Adulto,27520.00,23960.90,1786.72
635,2025-09-01,Escuintla,27,Joven,8274.00,31698.07,7535.57
636,2025-03-01,Petén,60,Adulto,29203.00,21340.19,4725.55
637,2025-09-01,Quetzaltenango,22,Premium,12524.00,20692.77,3660.8
638,2025-08-01,Zona 10,39,Adulto,14702.00,37134.50,7105.82
639,2025-02-01,Escuintla,30,Premium,13413.00,14335.80,5158.31
640,2025-03-01,Cobán,54,Joven,21574.00,18104.21,6312.02
641,2025-06-01,Cobán,33,Adulto,28744.00,28504.22,8229.53
642,2025-03-01,Cobán,61,Adulto,27018.00,18271.40,6993.26
643,2025-08-01,Escuintla,53,Joven,6566.00,32371.13,7440.23
644,2025-04-01,Zona 10,34,Joven,27036.00,28616.69,4477.5
645,2025-11-01,Petén,19,Joven,29628.00,14352.80,3996.81
646,2025-09-01,Quetzaltenango,34,Adulto,20808.00,36752.51,3460.55
647,2025-04-01,Cobán,67,Premium,22320.00,23953.11,3350.53
648,2025-02-01,Petén,43,Premium,14923.00,7310.54,4959.85
649,2025-09-01,Petén,26,Premium,17621.00,33375.84,7176.13
650,2025-12-01,Cobán,64,Joven,18843.00,28198.44,4785.74
651,2025-05-01,Escuintla,41,Adulto,10668.00,32874.21,5361.76
652,2025-08-01,Petén,20,Premium,4307.00,35541.86,4784.65
653,2025-12-01,Cobán,34,Adulto,21960.00,17869.76,4660.0
654,2025-11-01,Quetzaltenango,22,Premium,19930.00,24679.05,10366.24
655,2025-06-01,Petén,70,Joven,14306.00,11280.91,5189.18
656,2025-03-01,Escuintla,46,Joven,8426.00,26808.96,7385.45
657,2025-03-01,Quetzaltenango,28,Adulto,14869.00,7275.80,2795.94
658,2025-12-01,Petén,25,Joven,18778.00,18796.29,2963.5
659,2025-07-01,Quetzaltenango,19,Joven,10984.00,40093.42,5699.14
660,2025-09-01,Quetzaltenango,20,Premium,21752.00,29369.21,5961.86
661,2025-10-01,Escuintla,54,Joven,23893.00,44004.21,5372.26
662,2025-08-01,Cobán,56,Premium,18447.00,29932.44,4094.3
663,2025-10-01,Escuintla,70,Joven,28149.00,32312.21,7671.51
664,2025-11-01,Cobán,39,Adulto,17859.00,21276.09,4569.41
665,2025-02-01,Cobán,19,Joven,9630.00,0.00,4376.76
666,2025-02-01,Petén,29,Premium,18593.00,38234.72,3431.21
667,2025-02-01,Zona 10,48,Premium,24606.00,36148.50,6986.87
668,2025-07-01,Petén,51,Adulto,16784.00,22545.66,5433.54
669,2025-08-01,Petén,68,Joven,28187.00,13249.18,6810.7
670,2025-03-01,Zona 10,34,Adulto,18634.00,27620.23,631.88
671,2025-09-01,Zona 10,44,Premium,11447.00,32050.21,7915.28
672,2025-02-01,Escuintla,51,Adulto,3235.00,19244.67,5958.86
673,2025-02-01,Petén,27,Adulto,16961.00,19678.62,3753.52
674,2025-06-01,Quetzaltenango,57,Adulto,12029.00,37062.81,4896.31
675,2025-09-01,Escuintla,48,Adulto,8856.00,14533.03,6852.72
676,2025-06-01,Zona 10,67,Premium,26117.00,19753.38,5651.15
677,2025-08-01,Petén,68,Adulto,25915.00,30238.47,4711.73
678,2025-09-01,Cobán,57,Premium,25841.00,23431.86,4400.55
679,2025-02-01,Zona 10,70,Joven,7762.00,9006.60,5479.58
680,2025-04-01,Cobán,41,Premium,5622.00,10078.71,2968.1
681,2025-09-01,Quetzaltenango,36,Premium,26317.00,29020.51,4843.71
682,2025-08-01,Petén,18,Adulto,9609.00,41379.74,1270.58
683,2025-01-01,Petén,68,Joven,22644.00,6459.63,4794.91
684,2025-01-01,Zona 10,41,Adulto,10839.00,6617.57,490.68
685,2025-06-01,Zona 10,60,Premium,15948.00,18351.14,5748.51
686,2025-02-01,Petén,23,Adulto,21009.00,20144.11,8675.54
687,2025-05-01,Cobán,32,Premium,22869.00,37862.20,4493.27
688,2025-05-01,Petén,29,Adulto,16340.00,9664.23,4899.77
689,2025-02-01,Petén,69,Adulto,19819.00,48622.93,3901.86
690,2025-08-01,Escuintla,42,Adulto,21453.00,16087.39,5153.33
691,2025-08-01,Cobán,55,Premium,3896.00,15792.74,5174.59
692,2025-11-01,Escuintla,62,Premium,10534.00,28836.07,3039.07
693,2025-01-01,Escuintla,62,Joven,11629.00,25058.05,5883.68
694,2025-03-01,Escuintla,48,Joven,13284.00,9592.61,8374.07
695,2025-11-01,Quetzaltenango,30,Adulto,19351.00,24289.77,3541.38
696,2025-04-01,Zona 10,30,Joven,11182.00,30811.99,3392.99
697,2025-11-01,Petén,60,Joven,19143.00,9598.94,2770.43
698,2025-06-01,Petén,57,Adulto,13335.00,0.00,5279.66
699,2025-03-01,Petén,66,Joven,19748.00,23392.38,6391.9
700,2025-09-01,Petén,69,Adulto,16866.00,10167.99,5338.83
701,2025-11-01,Petén,67,Adulto,8727.00,19140.93,5269.15
702,2025-12-01,Zona 10,18,Adulto,3387.00,19619.48,3264.27
703,2025-10-01,Cobán,34,Premium,9132.00,16578.59,4557.92
704,2025-06-01,Escuintla,29,Adulto,19343.00,13893.92,5958.68
705,2025-05-01,Quetzaltenango,46,Joven,8894.00,0.00,2584.43
706,2025-05-01,Quetzaltenango,69,Joven,10726.00,2776.81,3657.58
707,2025-03-01,Quetzaltenango,48,Premium,29400.00,37531.86,5128.01
708,2025-09-01,Petén,64,Premium,13345.00,27231.77,3352.14
709,2025-07-01,Escuintla,24,Adulto,25627.00,29330.28,6191.83
710,2025-02-01,Petén,46,Premium,27398.00,19240.32,6631.21
711,2025-06-01,Petén,19,Joven,16492.00,42454.38,7774.67
712,2025-10-01,Escuintla,59,Adulto,24270.00,0.00,3667.28
713,2025-11-01,Zona 10,50,Adulto,18974.00,27022.37,2849.52
714,2025-05-01,Escuintla,47,Adulto,23699.00,48267.93,3915.35
715,2025-10-01,Quetzaltenango,54,Adulto,16263.00,27687.95,4374.35
716,2025-06-01,Cobán,38,Adulto,24397.00,22567.36,6525.01
717,2025-06-01,Quetzaltenango,65,Joven,22232.00,11986.03,4713.03
718,2025-03-01,Zona 10,64,Joven,10688.00,10034.86,957.13
719,2025-07-01,Petén,24,Joven,6131.00,47694.20,6602.81
720,2025-07-01,Petén,51,Joven,28067.00,30619.95,4976.54
721,2025-11-01,Cobán,42,Premium,13137.00,27538.97,8244.04
722,2025-03-01,Escuintla,51,Adulto,8590.00,42427.48,5527.1
723,2025-09-01,Petén,35,Joven,20974.00,0.00,6795.08
724,2025-10-01,Cobán,47,Premium,23678.00,24831.90,903.31
725,2025-11-01,Quetzaltenango,52,Joven,13146.00,36565.03,3758.39
726,2025-05-01,Zona 10,41,Premium,16507.00,24371.41,6698.05
727,2025-06-01,Cobán,36,Adulto,18374.00,7133.98,4332.47
728,2025-01-01,Zona 10,67,Premium,17104.00,29802.26,2425.12
729,2025-04-01,Cobán,44,Adulto,21368.00,16601.21,5583.88
730,2025-05-01,Petén,23,Premium,16835.00,14789.55,3291.34
731,2025-05-01,Cobán,36,Joven,24248.00,24030.22,1365.48
732,2025-03-01,Cobán,26,Adulto,12489.00,35173.69,6409.14
733,2025-10-01,Petén,49,Joven,9153.00,22039.24,6037.74
734,2025-02-01,Zona 10,36,Joven,11820.00,34112.98,6519.58
735,2025-03-01,Cobán,18,Adulto,19173.00,27564.98,7044.12
736,2025-12-01,Quetzaltenango,68,Joven,4039.00,13833.31,8372.86
737,2025-07-01,Escuintla,22,Adulto,20799.00,17297.35,5243.67
738,2025-02-01,Cobán,67,Joven,26418.00,25134.37,8435.06
739,2025-01-01,Quetzaltenango,30,Adulto,18100.00,24509.09,4115.31
740,2025-11-01,Petén,37,Premium,13586.00,35521.49,7710.64
741,2025-05-01,Zona 10,48,Premium,23923.00,21574.58,6802.69
742,2025-02-01,Escuintla,33,Premium,23739.00,23085.32,5140.09
743,2025-07-01,Cobán,68,Premium,10965.00,28509.49,5032.85
744,2025-03-01,Zona 10,41,Premium,28257.00,30948.20,5624.6
745,2025-06-01,Quetzaltenango,66,Premium,23484.00,35456.89,5690.69
746,2025-02-01,Escuintla,26,Adulto,18985.00,28687.27,10623.04
747,2025-04-01,Escuintla,19,Joven,25585.00,11142.02,7230.66
748,2025-12-01,Quetzaltenango,46,Premium,21318.00,19858.07,7969.64
749,2025-09-01,Petén,40,Premium,13606.00,23937.34,3404.73
750,2025-02-01,Petén,51,Adulto,8079.00,3911.25,6157.08
751,2025-01-01,Zona 10,67,Premium,23906.00,5494.04,4878.25
752,2025-10-01,Petén,33,Adulto,13508.00,21813.78,2117.58
753,2025-09-01,Escuintla,61,Adulto,19303.00,25685.29,3848.44
754,2025-11-01,Zona 10,38,Joven,6619.00,39478.06,6667.88
755,2025-01-01,Petén,30,Premium,6507.00,19550.88,5083.72
756,2025-11-01,Zona 10,49,Adulto,20230.00,13591.31,3122.99
757,2025-10-01,Cobán,63,Joven,5322.00,51948.64,5370.13
758,2025-11-01,Cobán,21,Adulto,14826.00,0.00,3317.26
759,2025-01-01,Zona 10,70,Adulto,23215.00,24657.01,5573.37
760,2025-04-01,Cobán,51,Joven,6182.00,31997.21,5861.09
761,2025-09-01,Petén,60,Premium,11151.00,0.00,2931.86
762,2025-07-01,Cobán,65,Premium,6457.00,26606.75,2391.72
763,2025-07-01,Petén,24,Adulto,8466.00,28997.85,2562.07
764,2025-03-01,Escuintla,52,Premium,22658.00,14524.69,5653.3
765,2025-06-01,Escuintla,44,Premium,28040.00,9970.12,2221.19
766,2025-10-01,Escuintla,52,Adulto,10009.00,14269.08,6787.07
767,2025-08-01,Petén,43,Joven,3006.00,19922.15,0
768,2025-03-01,Escuintla,37,Joven,3215.00,22356.32,6346.45
769,2025-05-01,Quetzaltenango,53,Joven,19753.00,0.00,3418.7
770,2025-08-01,Petén,40,Joven,8115.00,32404.19,6461.67
771,2025-05-01,Quetzaltenango,69,Premium,12840.00,35159.16,6103.18
772,2025-12-01,Petén,38,Joven,28981.00,11192.87,5253.57
773,2025-11-01,Zona 10,37,Joven,4224.00,23106.43,2398.09
774,2025-06-01,Quetzaltenango,70,Premium,17231.00,4103.74,7014.98
775,2025-10-01,Escuintla,18,Premium,23771.00,27019.85,3065.29
776,2025-06-01,Quetzaltenango,52,Joven,21511.00,33363.80,6908.02
777,2025-11-01,Petén,64,Premium,15873.00,44732.26,4394.9
778,2025-04-01,Escuintla,45,Joven,12495.00,26538.59,3897.41
779,2025-10-01,Cobán,65,Premium,4615.00,16059.73,4534.91
780,2025-12-01,Cobán,26,Adulto,27970.00,35168.23,6919.12
781,2025-10-01,Quetzaltenango,30,Joven,21388.00,10397.61,2827.14
782,2025-05-01,Zona 10,67,Joven,17092.00,12870.51,9067.42
783,2025-07-01,Petén,45,Premium,14969.00,18887.73,6433.95
784,2025-05-01,Cobán,28,Premium,14459.00,0.00,944.17
785,2025-08-01,Quetzaltenango,20,Premium,29809.00,26889.71,8025.13
786,2025-02-01,Quetzaltenango,65,Adulto,4787.00,25729.90,7783.34
787,2025-06-01,Zona 10,62,Adulto,29354.00,35043.84,6407.62
788,2025-12-01,Escuintla,52,Premium,9942.00,29180.60,7332.57
789,2025-10-01,Cobán,64,Premium,7631.00,18969.02,2204.13
790,2025-09-01,Petén,20,Adulto,11370.00,29708.31,6434.21
791,2025-08-01,Escuintla,59,Joven,3273.00,41113.99,6194.34
792,2025-05-01,Zona 10,59,Adulto,15665.00,26386.72,6944.2
793,2025-10-01,Cobán,52,Premium,5884.00,30500.73,7171.43
794,2025-01-01,Cobán,20,Adulto,11106.00,34038.49,4199.61
795,2025-03-01,Escuintla,19,Joven,14363.00,20489.31,3283.16
796,2025-05-01,Zona 10,69,Premium,5031.00,7658.86,2080.89
797,2025-04-01,Zona 10,27,Premium,14199.00,39015.38,3238.7
798,2025-09-01,Cobán,61,Joven,23068.00,37736.57,2815.02
799,2025-03-01,Petén,45,Joven,13236.00,34046.03,4039.68
800,2025-11-01,Quetzaltenango,26,Adulto,22039.00,4189.82,4077.96
801,2025-12-01,Quetzaltenango,51,Premium,7431.00,1222.24,6862.87
802,2025-03-01,Zona 10,38,Joven,5222.00,0.00,3282.13
803,2025-03-01,Cobán,64,Adulto,3966.00,27393.37,899.78
804,2025-08-01,Escuintla,65,Joven,29925.00,46967.72,2127.83
805,2025-02-01,Petén,26,Adulto,9053.00,59575.80,5957.24
806,2025-10-01,Zona 10,57,Adulto,10566.00,17850.04,4175.17
807,2025-12-01,Cobán,67,Premium,18617.00,40453.67,7887.88
808,2025-06-01,Quetzaltenango,29,Joven,15696.00,18482.16,5058.44
809,2025-07-01,Quetzaltenango,66,Premium,3491.00,51225.21,2787.96
810,2025-04-01,Cobán,66,Premium,9703.00,50125.32,6847.72
811,2025-12-01,Zona 10,38,Premium,17992.00,34642.71,3628.91
812,2025-07-01,Petén,64,Premium,13253.00,2658.35,7920.28
813,2025-09-01,Cobán,59,Adulto,26072.00,28345.59,2639.56
814,2025-04-01,Petén,51,Adulto,20624.00,9497.37,6988.33
815,2025-11-01,Escuintla,21,Adulto,9221.00,21906.54,6948.0
816,2025-03-01,Petén,45,Joven,12647.00,21954.19,4562.93
817,2025-11-01,Petén,46,Premium,5963.00,23994.17,4034.22
818,2025-03-01,Cobán,43,Premium,16551.00,23799.56,5402.23
819,2025-04-01,Quetzaltenango,47,Premium,5955.00,24990.48,8068.21
820,2025-02-01,Zona 10,23,Premium,6740.00,20378.87,2270.65
821,2025-07-01,Quetzaltenango,64,Adulto,28921.00,41313.95,4572.71
822,2025-07-01,Quetzaltenango,20,Joven,28174.00,30170.91,6588.5
823,2025-03-01,Cobán,67,Adulto,26332.00,34767.90,5543.82
824,2025-03-01,Escuintla,25,Joven,7311.00,25978.55,4958.6
825,2025-08-01,Cobán,49,Joven,20809.00,30800.55,2439.34
826,2025-10-01,Petén,60,Premium,18588.00,12583.93,5619.03
827,2025-04-01,Quetzaltenango,53,Joven,12113.00,13813.46,3254.34
828,2025-03-01,Zona 10,21,Premium,24406.00,21080.00,5910.98
829,2025-10-01,Cobán,37,Joven,13849.00,28338.88,4695.82
830,2025-11-01,Petén,36,Premium,23024.00,15115.94,2370.56
831,2025-08-01,Escuintla,65,Adulto,21971.00,22930.43,5415.94
832,2025-07-01,Zona 10,70,Adulto,5217.00,26224.93,1154.72
833,2025-03-01,Cobán,25,Premium,25761.00,31804.75,3618.65
834,2025-12-01,Petén,31,Joven,23055.00,39587.63,5930.67
835,2025-12-01,Escuintla,62,Adulto,22817.00,57156.50,2636.33
836,2025-06-01,Quetzaltenango,34,Premium,20216.00,10067.29,3729.09
837,2025-08-01,Quetzaltenango,51,Premium,26893.00,15552.03,3283.44
838,2025-12-01,Zona 10,36,Premium,9342.00,27644.18,5004.38
839,2025-10-01,Quetzaltenango,44,Joven,16567.00,35679.86,5523.11
840,2025-04-01,Escuintla,62,Premium,12228.00,24875.17,5749.36
841,2025-06-01,Cobán,67,Premium,3200.00,33157.10,6181.03
842,2025-10-01,Cobán,19,Adulto,8755.00,32833.35,8557.14
843,2025-11-01,Petén,26,Adulto,18777.00,32467.94,6841.05
844,2025-07-01,Escuintla,65,Premium,4835.00,30158.24,3548.52
845,2025-01-01,Escuintla,31,Joven,21920.00,16517.02,1704.85
846,2025-05-01,Quetzaltenango,19,Premium,14113.00,41752.53,4711.6
847,2025-07-01,Escuintla,29,Premium,22503.00,40557.65,7339.95
848,2025-12-01,Quetzaltenango,20,Adulto,11896.00,12941.46,6207.92
849,2025-05-01,Zona 10,31,Joven,20206.00,23109.69,5923.63
850,2025-08-01,Quetzaltenango,50,Joven,3817.00,32893.24,865.19
851,2025-08-01,Zona 10,64,Premium,20158.00,21043.75,6654.49
852,2025-03-01,Petén,31,Joven,26742.00,36571.60,5450.89
853,2025-05-01,Escuintla,20,Adulto,25513.00,39065.67,1692.08
854,2025-02-01,Petén,51,Adulto,28106.00,19378.15,3544.18
855,2025-04-01,Escuintla,38,Adulto,9571.00,28411.18,6505.88
856,2025-02-01,Petén,35,Premium,7892.00,28248.59,5824.21
857,2025-02-01,Quetzaltenango,31,Premium,20777.00,18806.24,6414.87
858,2025-10-01,Escuintla,33,Premium,8612.00,39911.24,6193.24
859,2025-01-01,Zona 10,26,Adulto,3950.00,7299.83,5548.63
860,2025-02-01,Petén,45,Premium,15842.00,31973.45,7429.47
861,2025-12-01,Quetzaltenango,46,Premium,23195.00,18355.69,6416.13
862,2025-09-01,Zona 10,23,Premium,27764.00,26407.14,2420.13
863,2025-02-01,Cobán,47,Adulto,13170.00,17442.22,2115.16
864,2025-04-01,Quetzaltenango,27,Premium,23215.00,24423.16,6898.5
865,2025-06-01,Cobán,68,Joven,13641.00,22152.24,5143.46
866,2025-08-01,Petén,47,Joven,8596.00,22763.43,6813.92
867,2025-02-01,Petén,43,Premium,29789.00,23729.31,4072.46
868,2025-05-01,Petén,52,Joven,18105.00,14934.75,6205.7
869,2025-03-01,Petén,48,Adulto,15576.00,32504.09,5551.14
870,2025-10-01,Zona 10,68,Premium,14213.00,16534.28,4594.62
871,2025-10-01,Petén,49,Joven,6746.00,13801.61,3779.65
872,2025-03-01,Petén,37,Adulto,16297.00,30216.12,5406.47
873,2025-08-01,Quetzaltenango,59,Premium,24632.00,32787.40,5527.91
874,2025-01-01,Escuintla,66,Adulto,7807.00,17999.01,3138.66
875,2025-10-01,Escuintla,46,Premium,9411.00,31761.34,8939.85
876,2025-05-01,Zona 10,45,Premium,26520.00,35958.34,4799.3
877,2025-10-01,Zona 10,50,Adulto,16244.00,38516.53,1800.5
878,2025-01-01,Zona 10,18,Adulto,26047.00,0.00,2956.31
879,2025-04-01,Cobán,45,Adulto,26010.00,10814.44,3496.18
880,2025-07-01,Quetzaltenango,52,Premium,9921.00,17882.66,3064.6
881,2025-06-01,Quetzaltenango,44,Joven,8055.00,19167.41,8942.96
882,2025-02-01,Cobán,59,Joven,3514.00,40417.49,8269.88
883,2025-03-01,Petén,59,Adulto,29409.00,13565.96,6113.23
884,2025-03-01,Cobán,47,Adulto,19692.00,5252.66,6699.83
885,2025-03-01,Quetzaltenango,45,Premium,22810.00,39076.02,5109.6
886,2025-05-01,Zona 10,44,Premium,20896.00,22222.61,4759.17
887,2025-12-01,Zona 10,41,Joven,6708.00,0.00,2530.95
888,2025-12-01,Zona 10,51,Premium,27595.00,27421.05,2799.97
889,2025-02-01,Zona 10,33,Premium,18481.00,12926.00,2839.12
890,2025-09-01,Escuintla,69,Premium,21993.00,23487.81,5608.46
891,2025-08-01,Escuintla,47,Adulto,19798.00,38023.30,3545.84
892,2025-05-01,Escuintla,36,Premium,8488.00,51498.11,5996.68
893,2025-05-01,Zona 10,21,Premium,23620.00,17799.94,5204.31
894,2025-12-01,Petén,57,Joven,3894.00,23858.27,5807.9
895,2025-05-01,Zona 10,26,Premium,23178.00,20416.25,8876.06
896,2025-10-01,Escuintla,29,Joven,22391.00,23780.49,2072.66
897,2025-12-01,Zona 10,33,Adulto,18889.00,31187.82,7220.87
898,2025-03-01,Cobán,56,Adulto,29926.00,32957.17,6929.2
899,2025-11-01,Escuintla,46,Joven,26789.00,19639.57,3952.96
900,2025-05-01,Cobán,66,Adulto,29854.00,30422.06,5806.79
901,2025-08-01,Cobán,65,Adulto,27655.00,32736.10,4316.9
902,2025-03-01,Cobán,51,Adulto,17245.00,52394.81,5340.96
903,2025-06-01,Petén,51,Premium,25376.00,30224.09,4752.2
904,2025-07-01,Escuintla,57,Joven,24366.00,31822.29,3596.26
905,2025-11-01,Quetzaltenango,55,Premium,15817.00,7536.09,5725.76
906,2025-10-01,Quetzaltenango,67,Adulto,9387.00,7083.18,4623.67
907,2025-01-01,Zona 10,61,Premium,3277.00,25914.11,4729.71
908,2025-11-01,Quetzaltenango,46,Joven,14518.00,26870.57,6602.36
909,2025-10-01,Quetzaltenango,23,Premium,4863.00,41251.80,3898.04
910,2025-02-01,Cobán,63,Premium,6931.00,38999.13,6407.42
911,2025-10-01,Escuintla,69,Adulto,9054.00,39696.48,3124.61
912,2025-11-01,Cobán,22,Premium,23931.00,0.00,6886.38
913,2025-06-01,Zona 10,34,Adulto,8307.00,26855.78,3418.14
914,2025-06-01,Cobán,21,Joven,11461.00,34045.85,4568.2
915,2025-04-01,Quetzaltenango,57,Premium,15865.00,31070.43,7096.54
916,2025-04-01,Escuintla,57,Joven,24080.00,35172.90,6336.61
917,2025-02-01,Zona 10,22,Adulto,21721.00,22075.66,1568.44
918,2025-11-01,Escuintla,58,Joven,3028.00,41184.19,3790.12
919,2025-06-01,Cobán,43,Adulto,21829.00,43813.51,5072.98
920,2025-07-01,Quetzaltenango,64,Joven,28589.00,26744.84,4295.12
921,2025-12-01,Escuintla,70,Adulto,28553.00,9567.13,5291.06
922,2025-05-01,Zona 10,43,Adulto,4808.00,4569.03,1268.51
923,2025-06-01,Quetzaltenango,23,Joven,18061.00,25651.77,3348.44
924,2025-01-01,Zona 10,42,Premium,24650.00,31707.31,7876.29
925,2025-06-01,Quetzaltenango,49,Joven,5780.00,34674.58,3582.3
926,2025-04-01,Cobán,19,Joven,26584.00,33855.72,4966.46
927,2025-11-01,Cobán,37,Joven,19373.00,2764.19,4197.49
928,2025-06-01,Zona 10,21,Joven,14066.00,25834.77,4424.93
929,2025-11-01,Petén,51,Joven,18019.00,47551.43,3514.33
930,2025-10-01,Zona 10,32,Adulto,5360.00,31453.78,5253.79
931,2025-01-01,Zona 10,33,Adulto,25980.00,23787.56,4726.28
932,2025-08-01,Zona 10,57,Joven,8593.00,27229.22,4374.93
933,2025-10-01,Cobán,69,Adulto,23172.00,28985.71,8551.67
934,2025-11-01,Petén,43,Joven,13624.00,38216.60,7089.54
935,2025-04-01,Zona 10,66,Adulto,4493.00,15953.82,4001.67
936,2025-07-01,Quetzaltenango,28,Premium,25816.00,20069.13,5875.94
937,2025-03-01,Quetzaltenango,24,Joven,28921.00,34489.18,2745.7
938,2025-02-01,Petén,18,Adulto,3236.00,27225.19,5780.64
939,2025-12-01,Quetzaltenango,69,Joven,28960.00,27603.37,1959.89
940,2025-05-01,Petén,51,Premium,17759.00,908.74,7476.82
941,2025-10-01,Escuintla,29,Adulto,26501.00,0.00,5003.46
942,2025-01-01,Zona 10,53,Premium,10721.00,37581.15,10486.83
943,2025-09-01,Quetzaltenango,50,Adulto,10185.00,8583.28,5625.76
944,2025-04-01,Cobán,25,Adulto,29103.00,38683.17,8106.64
945,2025-03-01,Quetzaltenango,60,Adulto,4412.00,35768.60,5633.8
946,2025-06-01,Zona 10,57,Premium,29383.00,35163.00,3600.16
947,2025-09-01,Zona 10,29,Joven,8178.00,28057.66,2752.79
948,2025-12-01,Escuintla,46,Joven,22421.00,14031.27,3998.54
949,2025-06-01,Quetzaltenango,32,Adulto,6213.00,26000.80,7056.33
950,2025-02-01,Quetzaltenango,48,Joven,22172.00,0.00,5411.44
951,2025-08-01,Quetzaltenango,29,Premium,15692.00,15702.05,6579.44
952,2025-05-01,Zona 10,30,Adulto,14006.00,37843.88,7200.99
953,2025-02-01,Quetzaltenango,47,Adulto,18026.00,7335.66,6661.56
954,2025-03-01,Quetzaltenango,68,Premium,29036.00,14322.26,2903.05
955,2025-04-01,Quetzaltenango,23,Premium,16490.00,33660.99,3185.96
956,2025-08-01,Quetzaltenango,35,Joven,3475.00,22546.93,1760.75
957,2025-07-01,Quetzaltenango,55,Premium,10287.00,37493.38,3317.22
958,2025-07-01,Petén,20,Joven,4312.00,44485.29,4821.76
959,2025-09-01,Zona 10,43,Adulto,18704.00,31792.51,2125.73
960,2025-04-01,Cobán,23,Joven,21300.00,25356.80,1926.26
961,2025-06-01,Cobán,36,Premium,10833.00,21861.22,4301.98
962,2025-03-01,Zona 10,63,Adulto,18049.00,37485.59,2416.64
963,2025-03-01,Cobán,63,Premium,16282.00,34662.81,8718.09
964,2025-01-01,Petén,58,Joven,5316.00,11218.62,7028.08
965,2025-07-01,Petén,66,Joven,11840.00,19702.20,2391.42
966,2025-02-01,Escuintla,57,Joven,14000.00,24639.99,4331.14
967,2025-07-01,Quetzaltenango,41,Premium,18248.00,16612.48,3701.52
968,2025-12-01,Escuintla,22,Joven,21374.00,22947.39,3690.27
969,2025-02-01,Quetzaltenango,59,Premium,18679.00,23412.06,1669.31
970,2025-06-01,Zona 10,40,Joven,11760.00,12419.85,4953.01
971,2025-06-01,Cobán,46,Premium,18932.00,2427.08,4965.72
972,2025-11-01,Escuintla,70,Premium,20460.00,35620.83,3704.57
973,2025-02-01,Quetzaltenango,30,Adulto,18003.00,35192.16,6038.16
974,2025-02-01,Quetzaltenango,28,Joven,12042.00,30176.81,5732.46
975,2025-11-01,Quetzaltenango,19,Adulto,12606.00,9267.47,6516.72
976,2025-07-01,Zona 10,46,Joven,27173.00,18878.26,3690.02
977,2025-09-01,Escuintla,59,Adulto,14006.00,15654.54,5965.4
978,2025-11-01,Escuintla,62,Premium,20372.00,32111.58,3180.9
979,2025-05-01,Escuintla,28,Joven,28862.00,24132.28,7296.96
980,2025-06-01,Quetzaltenango,36,Premium,17939.00,41035.57,4245.6
981,2025-05-01,Quetzaltenango,29,Joven,8746.00,34814.25,2398.45
982,2025-02-01,Escuintla,20,Joven,13375.00,13452.85,4026.63
983,2025-09-01,Quetzaltenango,63,Adulto,4136.00,8220.10,233.38
984,2025-09-01,Cobán,28,Adulto,20486.00,16405.43,9265.85
985,2025-08-01,Petén,38,Adulto,8113.00,44647.23,5088.37
986,2025-12-01,Petén,36,Premium,18529.00,50182.25,1785.53
987,2025-10-01,Cobán,64,Joven,17486.00,21902.30,5828.59
988,2025-11-01,Quetzaltenango,53,Adulto,6829.00,20659.64,6893.43
989,2025-02-01,Petén,38,Joven,4803.00,18849.23,4171.81
990,2025-04-01,Zona 10,19,Premium,5739.00,12346.64,4480.9
991,2025-04-01,Zona 10,49,Premium,13412.00,13548.84,3554.4
992,2025-07-01,Escuintla,27,Joven,26460.00,31997.01,3473.03
993,2025-06-01,Zona 10,40,Joven,13095.00,49195.90,4426.68
994,2025-08-01,Cobán,65,Premium,16618.00,28277.69,3442.4
995,2025-03-01,Cobán,55,Premium,22593.00,32021.35,5702.81
996,2025-02-01,Escuintla,55,Adulto,27776.00,24017.37,5162.19
997,2025-09-01,Quetzaltenango,47,Joven,26273.00,751.93,3162.52
998,2025-05-01,Petén,53,Adulto,19075.00,46664.96,5981.3
999,2025-09-01,Quetzaltenango,65,Adulto,18186.00,28385.92,8494.76
1000,2025-11-01,Escuintla,58,Adulto,18484.00,37629.65,7083.28
